"organizacion_politica","departamento","votos_validos","votos_emitidos","total","involucrado_corrupcion","antiguedad","tipo_organizacion","participacion_previa","presencia_multiregion","nivel_urbanizacion","padron_electoral","educacion_promedio"
"MOVIMIENTO REGIONAL FUERZA AMAZONENSE","Amazonas","24.43","18.73","41,358",0,2,2,1,0,"Bajo","290,266",9
"MOVIMIENTO REGIONAL AMAZONENSE UNIDOS AL CAMPO","Amazonas","9.56","7.33","16,188",0,2,2,1,0,"Bajo","290,266",9
"MOVIMIENTO INDEPENDIENTE SURGE AMAZONAS","Amazonas","45,795","13.83","30,545",0,2,2,1,0,"Bajo","290,266",9
"SENTIMIENTO AMAZONENSE REGIONAL","Amazonas","24.91","45,919","42,166",0,2,2,1,0,"Bajo","290,266",9
"MOVIMIENTO POLITICO REGIONAL ENERGIA COMUNAL AMAZONICA","Amazonas","9.28","45,998","15,715",0,2,2,1,0,"Bajo","290,266",9
"EL FRENTE AMPLIO POR JUSTICIA, VIDA Y LIBERTAD","Amazonas","5.15","3.95","8,721",0,3,1,1,1,"Bajo","290,266",9
"ALIANZA PARA EL PROGRESO","Amazonas","3.94","45,691","6,662",1,3,1,1,1,"Bajo","290,266",9
"FUERZA POPULAR","Amazonas","4.67","3.58","7,903",1,3,1,1,1,"Bajo","290,266",9
"MOVIMIENTO ACCION NACIONALISTA PERUANO","Ancash","12.33","45,817","62,403",0,2,2,1,0,"Medio","884,954",9.6
"MOVIMIENTO REGIONAL EL MAICITO","Ancash","15.91","11.68","80,481",1,2,2,1,0,"Medio","884,954",9.6
"MOVIMIENTO INDEPENDIENTE REGIONAL RIO SANTA CAUDALOSO","Ancash","8.47","6.22","42,854",0,3,2,1,0,"Medio","884,954",9.6
"MOVIMIENTO INDEPENDIENTE REGIONAL HORA CERO","Ancash","2.98","2.19","15,088",0,3,2,1,0,"Medio","884,954",9.6
"MOVIMIENTO INDEPENDIENTE REGIONAL ANCASH A LA OBRA","Ancash","45,819","45,999","55,958",0,2,2,1,0,"Medio","884,954",9.6
"PODEMOS POR EL PROGRESO DEL PERU","Ancash","5.57","45,904","28,193",1,1,1,0,1,"Medio","884,954",9.6
"ALIANZA PARA EL PROGRESO","Ancash","45,819","45,999","55,975",1,3,1,1,1,"Medio","884,954",9.6
"PARTIDO POPULAR CRISTIANO - PPC","Ancash","45,748","0.76","5,271",0,3,1,1,1,"Medio","884,954",9.6
"PARTIDO DEMOCRATICO SOMOS PERU","Ancash","13.57","9.96","68,640",0,3,1,1,1,"Medio","884,954",9.6
"PERU PATRIA SEGURA","Ancash","1","0.74","5,077",0,2,1,1,1,"Medio","884,954",9.6
"FUERZA POPULAR","Ancash","45,660","2.21","15,248",1,3,1,1,1,"Medio","884,954",9.6
"SIEMPRE UNIDOS","Ancash","5.34","3.92","27,018",0,3,1,1,1,"Medio","884,954",9.6
"JUNTOS POR EL PERU","Ancash","2.13","1.56","10,769",0,1,1,0,1,"Medio","884,954",9.6
"PARTIDO APRISTA PERUANO","Ancash","1.93","1.41","9,743",1,3,1,1,1,"Medio","884,954",9.6
"RESTAURACION NACIONAL","Ancash","45,812","3.37","23,251",0,3,1,1,1,"Medio","884,954",9.6
"MOVIMIENTO REGIONAL LLANKASUN KUSKA","Apurimac","20.59","16.44","38,482",0,2,2,1,0,"Bajo","344,057",8.8
"MOVIMIENTO POPULAR KALLPA","Apurimac","45,857","15.23","35,644",0,2,2,1,0,"Bajo","344,057",8.8
"EL FRENTE AMPLIO POR JUSTICIA, VIDA Y LIBERTAD","Apurimac","16.65","45,729","31,131",0,3,1,1,1,"Bajo","344,057",8.8
"ALIANZA PARA EL PROGRESO","Apurimac","16.78","13.41","31,375",1,3,1,1,1,"Bajo","344,057",8.8
"UNION POR EL PERU","Apurimac","1.67","1.33","3,121",1,3,1,1,1,"Bajo","344,057",8.8
"PARTIDO DEMOCRATICO SOMOS PERU","Apurimac","11.79","9.42","22,047",0,3,1,1,1,"Bajo","344,057",8.8
"FUERZA POPULAR","Apurimac","0.91","0.72","1,694",1,3,1,1,1,"Bajo","344,057",8.8
"JUNTOS POR EL PERU","Apurimac","2.64","45,963","4,928",0,1,1,0,1,"Bajo","344,057",8.8
"AVANZA PAIS - PARTIDO DE INTEGRACION SOCIAL","Apurimac","2.78","2.22","5,195",0,3,1,1,1,"Bajo","344,057",8.8
"DEMOCRACIA DIRECTA","Apurimac","2.75","2.19","5,135",1,2,1,1,1,"Bajo","344,057",8.8
"VAMOS PERU","Apurimac","0.53","0.43","999",0,2,1,1,1,"Bajo","344,057",8.8
"ACCION POPULAR","Apurimac","3.84","45,841","7,176",1,3,1,1,1,"Bajo","344,057",8.8
"JUNTOS POR EL DESARROLLO DE AREQUIPA","Arequipa","45,663","4.75","43,562",0,2,2,1,0,"Alto","1,173,059",10.7
"FUERZA AREQUIPEÑA","Arequipa","10.67","45,724","76,213",0,2,2,1,0,"Alto","1,173,059",10.7
"JUNTOS POR EL SUR","Arequipa","1.62","1.26","11,543",0,2,2,1,0,"Alto","1,173,059",10.7
"MOVIMIENTO REGIONAL INDEPENDIENTE AREQUIPA MIA","Arequipa","2.38","1.85","17,020",0,2,2,1,0,"Alto","1,173,059",10.7
"AREQUIPA - UNIDOS POR EL GRAN CAMBIO","Arequipa","18.51","45,761","132,181",1,2,2,1,0,"Alto","1,173,059",10.7
"MOVIMIENTO REGIONAL AREQUIPA AVANCEMOS","Arequipa","4.73","3.68","33,784",1,2,2,1,0,"Alto","1,173,059",10.7
"AREQUIPA RENACE","Arequipa","12.42","9.66","88,693",1,3,2,1,0,"Alto","1,173,059",10.7
"AREQUIPA TRANSFORMACION","Arequipa","13.16","10.24","94,032",1,2,2,1,0,"Alto","1,173,059",10.7
"EL FRENTE AMPLIO POR JUSTICIA, VIDA Y LIBERTAD","Arequipa","6.36","4.95","45,431",0,3,1,1,1,"Alto","1,173,059",10.7
"ALIANZA PARA EL PROGRESO","Arequipa","3.44","2.67","24,549",1,3,1,1,1,"Alto","1,173,059",10.7
"PARTIDO POPULAR CRISTIANO - PPC","Arequipa","0.96","0.74","6,823",0,3,1,1,1,"Alto","1,173,059",10.7
"TODOS POR EL PERU","Arequipa","5.72","4.45","40,887",0,3,1,1,1,"Alto","1,173,059",10.7
"FRENTE POPULAR AGRICOLA FIA DEL PERU - FREPAP","Arequipa","2.46","1.91","17,539",0,3,1,1,1,"Alto","1,173,059",10.7
"PARTIDO DEMOCRATICO SOMOS PERU","Arequipa","45,778","0.81","7,479",0,3,1,1,1,"Alto","1,173,059",10.7
"SIEMPRE UNIDOS","Arequipa","1.91","1.49","13,658",0,3,1,1,1,"Alto","1,173,059",10.7
"PERU LIBERTARIO","Arequipa","0.93","0.72","6,646",0,1,1,0,1,"Alto","1,173,059",10.7
"RESTAURACION NACIONAL","Arequipa","2.19","45,839","15,617",0,3,1,1,1,"Alto","1,173,059",10.7
"VAMOS PERU","Arequipa","0.75","0.58","5,339",0,2,1,1,1,"Alto","1,173,059",10.7
"ACCION POPULAR","Arequipa","4.66","3.62","33,271",1,3,1,1,1,"Alto","1,173,059",10.7
"MUSUQ ÑAN","Ayacucho","45,897","22.91","79,940",0,2,2,1,0,"Bajo","506,940",8.5
"MOVIMIENTO INDEPENDIENTE INNOVACION REGIONAL","Ayacucho","2.77","2.26","7,884",0,2,2,1,0,"Bajo","506,940",8.5
"MOVIMIENTO REGIONAL GANA AYACUCHO","Ayacucho","12.96","10.58","36,893",0,2,2,1,0,"Bajo","506,940",8.5
"DESARROLLO INTEGRAL AYACUCHO","Ayacucho","12.52","10.22","35,638",0,2,2,1,0,"Bajo","506,940",8.5
"TECNOLOGIA DE PUNTA PARA AYACUCHO","Ayacucho","6.38","45,693","18,148",0,2,2,1,0,"Bajo","506,940",8.5
"QATUN TARPUY","Ayacucho","45,831","19.25","67,163",0,2,2,1,0,"Bajo","506,940",8.5
"EL FRENTE AMPLIO POR JUSTICIA, VIDA Y LIBERTAD","Ayacucho","3.62","2.95","10,296",0,3,1,1,1,"Bajo","506,940",8.5
"ALIANZA PARA EL PROGRESO","Ayacucho","5","45,873","14,229",1,3,1,1,1,"Bajo","506,940",8.5
"TODOS POR EL PERU","Ayacucho","0.95","0.77","2,702",0,3,1,1,1,"Bajo","506,940",8.5
"PARTIDO APRISTA PERUANO","Ayacucho","2.21","45,870","6,289",1,3,1,1,1,"Bajo","506,940",8.5
"PERU LIBERTARIO","Ayacucho","1.92","1.56","5,458",0,1,1,0,1,"Bajo","506,940",8.5
"CAJAMARCA SIEMPRE VERDE","Cajamarca","9.69","7.41","61,639",0,2,2,1,0,"Medio","1,135,170",8.9
"FRENTE REGIONAL DE CAJAMARCA","Cajamarca","9.42","7.21","59,939",0,2,2,1,0,"Medio","1,135,170",8.9
"MOVIMIENTO DE AFIRMACION SOCIAL","Cajamarca","18.59","14.22","118,225",1,2,2,1,0,"Medio","1,135,170",8.9
"PODEMOS POR EL PROGRESO DEL PERU","Cajamarca","11.92","45,970","75,791",1,1,1,0,1,"Medio","1,135,170",8.9
"EL FRENTE AMPLIO POR JUSTICIA, VIDA Y LIBERTAD","Cajamarca","3.58","2.74","22,802",0,3,1,1,1,"Medio","1,135,170",8.9
"ALIANZA PARA EL PROGRESO","Cajamarca","23.46","17.95","149,229",1,3,1,1,1,"Medio","1,135,170",8.9
"DEMOCRACIA DIRECTA","Cajamarca","45,659","1.54","12,786",1,2,1,1,1,"Medio","1,135,170",8.9
"ACCION POPULAR","Cajamarca","21.33","16.32","135,668",1,3,1,1,1,"Medio","1,135,170",8.9
"POR TI CALLAO","Callao","31.63","24.17","157,587",0,2,2,1,0,"Alto","830,555",11
"FUERZA CHALACA","Callao","20.19","15.43","100,603",0,2,2,1,0,"Alto","830,555",11
"PODEMOS POR EL PROGRESO DEL PERU","Callao","3.55","2.71","17,698",1,1,1,0,1,"Alto","830,555",11
"EL FRENTE AMPLIO POR JUSTICIA, VIDA Y LIBERTAD","Callao","1.64","1.25","8,158",0,3,1,1,1,"Alto","830,555",11
"ALIANZA PARA EL PROGRESO","Callao","19.41","14.83","96,701",1,3,1,1,1,"Alto","830,555",11
"UNION POR EL PERU","Callao","1.93","1.47","9,612",1,3,1,1,1,"Alto","830,555",11
"PARTIDO DEMOCRATICO SOMOS PERU","Callao","5.67","4.33","28,246",0,3,1,1,1,"Alto","830,555",11
"PERU PATRIA SEGURA","Callao","4.63","3.54","23,073",0,2,1,1,1,"Alto","830,555",11
"PERU NACION","Callao","6.32","4.83","31,493",0,1,1,0,1,"Alto","830,555",11
"PARTIDO APRISTA PERUANO","Callao","1.92","1.46","9,544",1,3,1,1,1,"Alto","830,555",11
"DEMOCRACIA DIRECTA","Callao","45,994","2.39","15,569",1,2,1,1,1,"Alto","830,555",11
"MOVIMIENTO ETNOCACERISTA REGIONAL DEL CUSCO","Cusco","3.92","2.98","23,044",0,2,2,1,0,"Medio","1,029,918",9.4
"AUTOGOBIERNO AYLLU","Cusco","4.87","3.71","28,625",0,2,2,1,0,"Medio","1,029,918",9.4
"MOVIMIENTO REGIONAL ACUERDO POPULAR UNIFICADO","Cusco","2.55","1.94","15,001",0,2,2,1,0,"Medio","1,029,918",9.4
"MOVIMIENTO REGIONAL TAWANTINSUYO","Cusco","9.16","6.96","53,795",0,3,2,1,0,"Medio","1,029,918",9.4
"MOVIMIENTO REGIONAL INKA PACHAKUTEQ","Cusco","9.89","7.52","58,078",0,2,2,1,0,"Medio","1,029,918",9.4
"EL FRENTE AMPLIO POR JUSTICIA, VIDA Y LIBERTAD","Cusco","9.88","7.51","58,010",0,3,1,1,1,"Medio","1,029,918",9.4
"ALIANZA PARA EL PROGRESO","Cusco","6.84","45,693","40,160",1,3,1,1,1,"Medio","1,029,918",9.4
"PARTIDO POPULAR CRISTIANO - PPC","Cusco","1.52","1.16","8,952",0,3,1,1,1,"Medio","1,029,918",9.4
"FRENTE POPULAR AGRICOLA FIA DEL PERU - FREPAP","Cusco","45,690","1.67","12,934",0,3,1,1,1,"Medio","1,029,918",9.4
"UNION POR EL PERU","Cusco","1.43","45,901","8,396",1,3,1,1,1,"Medio","1,029,918",9.4
"PARTIDO DEMOCRATICO SOMOS PERU","Cusco","5.83","4.44","34,268",0,3,1,1,1,"Medio","1,029,918",9.4
"FUERZA POPULAR","Cusco","45,839","0.82","6,307",1,3,1,1,1,"Medio","1,029,918",9.4
"PERU NACION","Cusco","0.57","0.43","3,328",0,1,1,0,1,"Medio","1,029,918",9.4
"RESTAURACION NACIONAL","Cusco","14.76","11.22","86,710",0,3,1,1,1,"Medio","1,029,918",9.4
"DEMOCRACIA DIRECTA","Cusco","10.62","45,846","62,360",1,2,1,1,1,"Medio","1,029,918",9.4
"ACCION POPULAR","Cusco","14.89","11.32","87,472",1,3,1,1,1,"Medio","1,029,918",9.4
"MOVIMIENTO REGIONAL AYNI","Huancavelica","32.63","27.43","62,437",0,2,2,1,0,"Bajo","309,697",8.2
"MOVIMIENTO REGIONAL AGUA","Huancavelica","15.88","13.35","30,384",0,2,2,1,0,"Bajo","309,697",8.2
"MOVIMIENTO INDEPENDIENTE DE CAMPESINOS Y PROFESIONALES","Huancavelica","9.58","45,785","18,327",0,2,2,1,0,"Bajo","309,697",8.2
"MOVIMIENTO INDEPENDIENTE TRABAJANDO PARA TODOS","Huancavelica","35.85","30.14","68,607",0,2,2,1,0,"Bajo","309,697",8.2
"EL FRENTE AMPLIO POR JUSTICIA, VIDA Y LIBERTAD","Huancavelica","1.37","1.15","2,621",0,3,1,1,1,"Bajo","309,697",8.2
"ALIANZA PARA EL PROGRESO","Huancavelica","45,748","1.18","2,688",1,3,1,1,1,"Bajo","309,697",8.2
"PARTIDO DEMOCRATICO SOMOS PERU","Huancavelica","45,719","2.77","6,311",0,3,1,1,1,"Bajo","309,697",8.2
"MOVIMIENTO POLITICO FRENTE AMPLIO REGIONAL PAISANOCUNA","Huanuco","3.97","3.22","13,648",0,2,2,1,0,"Medio","585,082",8.9
"MOVIMIENTO POLITICO CAMBIEMOS X HCO","Huanuco","45,973","45,878","41,579",0,2,2,1,0,"Medio","585,082",8.9
"AVANZADA REGIONAL INDEPENDIENTE UNIDOS POR HUANUCO","Huanuco","17.59","14.23","60,390",1,2,2,1,0,"Medio","585,082",8.9
"MOVIMIENTO POLITICO HECHOS Y NO PALABRAS","Huanuco","2.96","45,749","10,181",0,2,2,1,0,"Medio","585,082",8.9
"PODEMOS POR EL PROGRESO DEL PERU","Huanuco","6.31","45,662","21,657",1,1,1,0,1,"Medio","585,082",8.9
"EL FRENTE AMPLIO POR JUSTICIA, VIDA Y LIBERTAD","Huanuco","1.97","1.59","6,767",0,3,1,1,1,"Medio","585,082",8.9
"ALIANZA PARA EL PROGRESO","Huanuco","46,004","10.62","45,062",1,3,1,1,1,"Medio","585,082",8.9
"SOLIDARIDAD NACIONAL","Huanuco","5.72","4.63","19,634",1,3,1,1,1,"Medio","585,082",8.9
"PARTIDO DEMOCRATICO SOMOS PERU","Huanuco","4.49","3.63","15,419",0,3,1,1,1,"Medio","585,082",8.9
"JUNTOS POR EL PERU","Huanuco","1.25","45,658","4,286",0,1,1,0,1,"Medio","585,082",8.9
"AVANZA PAIS - PARTIDO DE INTEGRACION SOCIAL","Huanuco","12.83","10.38","44,051",0,3,1,1,1,"Medio","585,082",8.9
"DEMOCRACIA DIRECTA","Huanuco","1.26","45,689","4,323",1,2,1,1,1,"Medio","585,082",8.9
"VAMOS PERU","Huanuco","0.73","0.59","2,517",0,2,1,1,1,"Medio","585,082",8.9
"ACCION POPULAR","Huanuco","15.69","12.69","53,865",1,3,1,1,1,"Medio","585,082",8.9
"UNIDOS POR LA REGION","Ica","16.74","13.62","71,624",0,2,2,1,0,"Medio","647,025",9.8
"MOVIMIENTO REGIONAL OBRAS POR LA MODERNIDAD","Ica","33.2","45,684","142,042",0,2,2,1,0,"Medio","647,025",9.8
"EL FRENTE AMPLIO POR JUSTICIA, VIDA Y LIBERTAD","Ica","2","1.63","8,550",0,3,1,1,1,"Medio","647,025",9.8
"ALIANZA PARA EL PROGRESO","Ica","3.58","2.91","15,311",1,3,1,1,1,"Medio","647,025",9.8
"UNION POR EL PERU","Ica","3.73","45,750","15,972",1,3,1,1,1,"Medio","647,025",9.8
"FUERZA POPULAR","Ica","14.34","11.67","61,352",1,3,1,1,1,"Medio","647,025",9.8
"AVANZA PAIS - PARTIDO DE INTEGRACION SOCIAL","Ica","45,674","13.84","72,783",0,3,1,1,1,"Medio","647,025",9.8
"VAMOS PERU","Ica","45,660","2.44","12,858",0,2,1,1,1,"Medio","647,025",9.8
"ACCION POPULAR","Ica","6.39","45,693","27,340",1,3,1,1,1,"Medio","647,025",9.8
"MOVIMIENTO POLITICO REGIONAL PERU LIBRE","Junin","36.89","30.49","221,550",1,2,2,1,0,"Medio","988,963",9.6
"CAMINEMOS JUNTOS POR JUNIN","Junin","45,923","19.75","143,535",0,2,2,1,0,"Medio","988,963",9.6
"JUNIN SOSTENIBLE CON SU GENTE","Junin","45,843","4.19","30,437",0,2,2,1,0,"Medio","988,963",9.6
"MOVIMIENTO REGIONAL SIERRA Y SELVA CONTIGO JUNIN","Junin","15.45","12.77","92,782",0,2,2,1,0,"Medio","988,963",9.6
"ALIANZA PARA EL PROGRESO","Junin","6","4.96","36,053",1,3,1,1,1,"Medio","988,963",9.6
"TODOS POR EL PERU","Junin","0.72","0.59","4,297",0,3,1,1,1,"Medio","988,963",9.6
"FRENTE POPULAR AGRICOLA FIA DEL PERU - FREPAP","Junin","2.33","1.93","13,992",0,3,1,1,1,"Medio","988,963",9.6
"UNION POR EL PERU","Junin","2.61","2.15","15,652",1,3,1,1,1,"Medio","988,963",9.6
"PERU NACION","Junin","0.66","0.55","3,979",0,1,1,0,1,"Medio","988,963",9.6
"JUNTOS POR EL PERU","Junin","0.78","0.65","4,690",0,1,1,0,1,"Medio","988,963",9.6
"AVANZA PAIS - PARTIDO DE INTEGRACION SOCIAL","Junin","2.36","1.95","14,161",0,3,1,1,1,"Medio","988,963",9.6
"ACCION POPULAR","Junin","3.24","2.68","19,470",1,3,1,1,1,"Medio","988,963",9.6
"NUEVA LIBERTAD","La Libertad","4.49","3.48","37,857",0,2,2,1,0,"Alto","1,421,791",9.9
"MOVIMIENTO REGIONAL PARA EL DESARROLLO CON SEGURIDAD Y HONRADEZ","La Libertad","0.83","0.64","6,984",0,2,2,1,0,"Alto","1,421,791",9.9
"SUMATE","La Libertad","7.65","5.92","64,434",0,2,2,1,0,"Alto","1,421,791",9.9
"PODEMOS POR EL PROGRESO DEL PERU","La Libertad","0.98","0.76","8,238",1,1,1,0,1,"Alto","1,421,791",9.9
"EL FRENTE AMPLIO POR JUSTICIA, VIDA Y LIBERTAD","La Libertad","2.27","1.76","19,129",0,3,1,1,1,"Alto","1,421,791",9.9
"ALIANZA PARA EL PROGRESO","La Libertad","32.75","25.37","275,980",1,3,1,1,1,"Alto","1,421,791",9.9
"TODOS POR EL PERU","La Libertad","8.14","45,722","68,561",0,3,1,1,1,"Alto","1,421,791",9.9
"PARTIDO DEMOCRATICO SOMOS PERU","La Libertad","5.81","45,781","48,956",0,3,1,1,1,"Alto","1,421,791",9.9
"FUERZA POPULAR","La Libertad","8.22","6.37","69,300",1,3,1,1,1,"Alto","1,421,791",9.9
"PERU NACION","La Libertad","0.81","0.63","6,825",0,1,1,0,1,"Alto","1,421,791",9.9
"JUNTOS POR EL PERU","La Libertad","45,778","0.81","8,835",0,1,1,0,1,"Alto","1,421,791",9.9
"AVANZA PAIS - PARTIDO DE INTEGRACION SOCIAL","La Libertad","0.47","0.36","3,923",0,3,1,1,1,"Alto","1,421,791",9.9
"PARTIDO APRISTA PERUANO","La Libertad","16.46","12.76","138,750",1,3,1,1,1,"Alto","1,421,791",9.9
"PERU LIBERTARIO","La Libertad","0.49","0.38","4,124",0,1,1,0,1,"Alto","1,421,791",9.9
"RESTAURACION NACIONAL","La Libertad","2.67","45,840","22,469",0,3,1,1,1,"Alto","1,421,791",9.9
"DEMOCRACIA DIRECTA","La Libertad","1.51","1.17","12,730",1,2,1,1,1,"Alto","1,421,791",9.9
"ACCION POPULAR","La Libertad","5.42","45,692","45,693",1,3,1,1,1,"Alto","1,421,791",9.9
"PRIMERO LAMBAYEQUE","Lambayeque","4.51","3.58","27,194",0,2,2,1,0,"Medio","884,723",9.8
"PODEMOS POR EL PROGRESO DEL PERU","Lambayeque","41.88","33.25","252,377",1,1,1,0,1,"Medio","884,723",9.8
"EL FRENTE AMPLIO POR JUSTICIA, VIDA Y LIBERTAD","Lambayeque","0.87","0.69","5,214",0,3,1,1,1,"Medio","884,723",9.8
"ALIANZA PARA EL PROGRESO","Lambayeque","18.53","14.71","111,633",1,3,1,1,1,"Medio","884,723",9.8
"PARTIDO POPULAR CRISTIANO - PPC","Lambayeque","45,809","1.27","9,661",0,3,1,1,1,"Medio","884,723",9.8
"TODOS POR EL PERU","Lambayeque","45,691","45,749","18,181",0,3,1,1,1,"Medio","884,723",9.8
"FRENTE POPULAR AGRICOLA FIA DEL PERU - FREPAP","Lambayeque","0.76","0.61","4,604",0,3,1,1,1,"Medio","884,723",9.8
"PARTIDO DEMOCRATICO SOMOS PERU","Lambayeque","5.66","4.49","34,093",0,3,1,1,1,"Medio","884,723",9.8
"PERU PATRIA SEGURA","Lambayeque","0.63","0.5","3,797",0,2,1,1,1,"Medio","884,723",9.8
"FUERZA POPULAR","Lambayeque","6.17","4.89","37,151",1,3,1,1,1,"Medio","884,723",9.8
"JUNTOS POR EL PERU","Lambayeque","8.92","45,876","53,718",0,1,1,0,1,"Medio","884,723",9.8
"PERUANOS POR EL KAMBIO","Lambayeque","1.16","0.92","6,976",1,2,1,1,1,"Medio","884,723",9.8
"VAMOS PERU","Lambayeque","0.98","0.78","5,894",0,2,1,1,1,"Medio","884,723",9.8
"ACCION POPULAR","Lambayeque","5.32","4.22","32,060",1,3,1,1,1,"Medio","884,723",9.8
"PATRIA JOVEN","Lima","17.47","13.87","84,746",0,2,2,1,0,"Alto","7,631,349",11.2
"FUERZA REGIONAL","Lima","15.23","45,912","73,851",0,2,2,1,0,"Alto","7,631,349",11.2
"CONCERTACION PARA EL DESARROLLO REGIONAL - LIMA","Lima","7.95","6.31","38,567",1,2,2,1,0,"Alto","7,631,349",11.2
"TODOS POR EL CAMBIO","Lima","1.76","1.39","8,513",0,2,2,1,0,"Alto","7,631,349",11.2
"MOVIMIENTO REGIONAL UNIDAD CIVICA LIMA","Lima","12.44","9.87","60,325",0,2,2,1,0,"Alto","7,631,349",11.2
"PODEMOS POR EL PROGRESO DEL PERU","Lima","1.79","1.42","8,659",1,1,1,0,1,"Alto","7,631,349",11.2
"ALIANZA PARA EL PROGRESO","Lima","10.28","8.16","49,867",1,3,1,1,1,"Alto","7,631,349",11.2
"PARTIDO POPULAR CRISTIANO - PPC","Lima","0.8","0.64","3,885",0,3,1,1,1,"Alto","7,631,349",11.2
"FRENTE POPULAR AGRICOLA FIA DEL PERU - FREPAP","Lima","2.53","45,659","12,272",0,3,1,1,1,"Alto","7,631,349",11.2
"PARTIDO DEMOCRATICO SOMOS PERU","Lima","9.42","7.48","45,704",0,3,1,1,1,"Alto","7,631,349",11.2
"PERU PATRIA SEGURA","Lima","2","1.59","9,703",0,2,1,1,1,"Alto","7,631,349",11.2
"FUERZA POPULAR","Lima","7.13","5.66","34,554",1,3,1,1,1,"Alto","7,631,349",11.2
"SIEMPRE UNIDOS","Lima","0.92","0.73","4,480",0,3,1,1,1,"Alto","7,631,349",11.2
"PERU NACION","Lima","0.46","0.37","2,237",0,1,1,0,1,"Alto","7,631,349",11.2
"JUNTOS POR EL PERU","Lima","0.75","0.59","3,624",0,1,1,0,1,"Alto","7,631,349",11.2
"AVANZA PAIS - PARTIDO DE INTEGRACION SOCIAL","Lima","45,870","0.85","5,221",0,3,1,1,1,"Alto","7,631,349",11.2
"PERU LIBERTARIO","Lima","1.13","0.9","5,475",0,1,1,0,1,"Alto","7,631,349",11.2
"ACCION POPULAR","Lima","6.86","5.45","33,285",1,3,1,1,1,"Alto","7,631,349",11.2
"MOVIMIENTO INDEPENDIENTE REIVINDIQUEMOS LORETO","Loreto","2.49","45,659","9,457",0,2,2,1,0,"Bajo","679,251",8.7
"MOVIMIENTO ESPERANZA REGION AMAZONICA","Loreto","45,715","21.79","102,497",0,2,2,1,0,"Bajo","679,251",8.7
"MOVIMIENTO INTEGRACION LORETANA","Loreto","45,670","10.56","49,687",0,2,2,1,0,"Bajo","679,251",8.7
"PODEMOS POR EL PROGRESO DEL PERU","Loreto","1.59","1.28","6,040",1,1,1,0,1,"Bajo","679,251",8.7
"PARTIDO POPULAR CRISTIANO - PPC","Loreto","1.83","1.47","6,934",0,3,1,1,1,"Bajo","679,251",8.7
"TODOS POR EL PERU","Loreto","2.21","1.78","8,385",0,3,1,1,1,"Bajo","679,251",8.7
"FRENTE POPULAR AGRICOLA FIA DEL PERU - FREPAP","Loreto","45,903","3.15","14,807",0,3,1,1,1,"Bajo","679,251",8.7
"UNION POR EL PERU","Loreto","2.16","1.74","8,178",1,3,1,1,1,"Bajo","679,251",8.7
"FUERZA POPULAR","Loreto","3.94","3.17","14,933",1,3,1,1,1,"Bajo","679,251",8.7
"PERU NACION","Loreto","0.28","0.23","1,079",0,1,1,0,1,"Bajo","679,251",8.7
"PARTIDO APRISTA PERUANO","Loreto","1.28","45,748","4,873",1,3,1,1,1,"Bajo","679,251",8.7
"RESTAURACION NACIONAL","Loreto","34.08","27.48","129,282",0,3,1,1,1,"Bajo","679,251",8.7
"VAMOS PERU","Loreto","0.98","0.79","3,717",0,2,1,1,1,"Bajo","679,251",8.7
"ACCION POPULAR","Loreto","5.15","4.15","19,527",1,3,1,1,1,"Bajo","679,251",8.7
"FUERZA POR MADRE DE DIOS","Madre de Dios","24.48","18.44","14,695",0,2,2,1,0,"Bajo","114,814",9.3
"ALIANZA PARA EL PROGRESO","Madre de Dios","45,830","16.62","13,241",1,3,1,1,1,"Bajo","114,814",9.3
"PARTIDO POPULAR CRISTIANO - PPC","Madre de Dios","45,962","0.84","669",1,3,1,1,1,"Bajo","114,814",9.3
"TODOS POR EL PERU","Madre de Dios","0","0","0",0,3,1,1,1,"Bajo","114,814",9.3
"UNION POR EL PERU","Madre de Dios","45,659","1.51","1,207",1,3,1,1,1,"Bajo","114,814",9.3
"PARTIDO DEMOCRATICO SOMOS PERU","Madre de Dios","10.73","45,877","6,441",0,3,1,1,1,"Bajo","114,814",9.3
"PERU PATRIA SEGURA","Madre de Dios","12.79","9.63","7,678",0,2,1,1,1,"Bajo","114,814",9.3
"PERU NACION","Madre de Dios","3.48","2.62","2,087",0,1,1,0,1,"Bajo","114,814",9.3
"JUNTOS POR EL PERU","Madre de Dios","2.75","45,840","1,653",0,1,1,0,1,"Bajo","114,814",9.3
"AVANZA PAIS - PARTIDO DE INTEGRACION SOCIAL","Madre de Dios","6.13","4.62","3,678",0,3,1,1,1,"Bajo","114,814",9.3
"PERU LIBERTARIO","Madre de Dios","8.36","45,722","5,017",0,1,1,0,1,"Bajo","114,814",9.3
"DEMOCRACIA DIRECTA","Madre de Dios","45,967","45,812","3,667",1,2,1,1,1,"Bajo","114,814",9.3
"FRENTE DE INTEGRACION REGIONAL MOQUEGUA EMPRENDEDORA FIRME","Moquegua","41.91","31.92","37,718",0,2,2,1,0,"Medio","148,019",10.5
"PODEMOS POR EL PROGRESO DEL PERU","Moquegua","5.76","4.39","5,188",1,1,1,0,1,"Medio","148,019",10.5
"EL FRENTE AMPLIO POR JUSTICIA, VIDA Y LIBERTAD","Moquegua","2.33","1.77","2,093",0,3,1,1,1,"Medio","148,019",10.5
"ALIANZA PARA EL PROGRESO","Moquegua","2.28","1.73","2,049",1,3,1,1,1,"Medio","148,019",10.5
"UNION POR EL PERU","Moquegua","21.17","46,007","19,052",1,3,1,1,1,"Medio","148,019",10.5
"FUERZA POPULAR","Moquegua","1.34","45,689","1,206",1,3,1,1,1,"Medio","148,019",10.5
"PERU NACION","Moquegua","45,887","14.32","16,922",0,1,1,0,1,"Medio","148,019",10.5
"AVANZA PAIS - PARTIDO DE INTEGRACION SOCIAL","Moquegua","45,717","0.78","925",0,3,1,1,1,"Medio","148,019",10.5
"PARTIDO APRISTA PERUANO","Moquegua","1.89","1.44","1,703",1,3,1,1,1,"Medio","148,019",10.5
"PERU LIBERTARIO","Moquegua","45,901","0.83","978",0,1,1,0,1,"Medio","148,019",10.5
"VAMOS PERU","Moquegua","2.42","1.84","2,174",0,2,1,1,1,"Medio","148,019",10.5
"PASCO DIGNIDAD","Pasco","6.59","5.48","7,934",0,2,2,1,0,"Bajo","227,625",8.7
"FRENTE ANDINO AMAZONICO","Pasco","45,908","45,754","10,712",0,2,2,1,0,"Bajo","227,625",8.7
"PASCO VERDE","Pasco","14.45","45,669","17,399",0,2,2,1,0,"Bajo","227,625",8.7
"PODEMOS POR EL PROGRESO DEL PERU","Pasco","17.89","14.87","21,540",1,1,1,0,1,"Bajo","227,625",8.7
"ALIANZA PARA EL PROGRESO","Pasco","23.49","19.53","28,283",1,3,1,1,1,"Bajo","227,625",8.7
"TODOS POR EL PERU","Pasco","3.16","2.63","3,805",0,3,1,1,1,"Bajo","227,625",8.7
"PARTIDO DEMOCRATICO SOMOS PERU","Pasco","8.51","45,876","10,249",0,3,1,1,1,"Bajo","227,625",8.7
"PERUANOS POR EL KAMBIO","Pasco","45,758","9.48","13,726",1,2,1,1,1,"Bajo","227,625",8.7
"ACCION POPULAR","Pasco","5.61","4.66","6,751",1,3,1,1,1,"Bajo","227,625",8.7
"REGION PARA TODOS","Piura","22.35","17.25","187,822",0,2,2,1,0,"Alto","1,496,252",9.5
"MOVIMIENTO REGIONAL SEGURIDAD Y PROSPERIDAD","Piura","13.82","10.67","116,192",0,2,2,1,0,"Alto","1,496,252",9.5
"MOVIMIENTO DE DESARROLLO LOCAL MODELO REGION PIURA","Piura","45,879","7.78","84,715",0,2,2,1,0,"Alto","1,496,252",9.5
"MOVIMIENTO INDEPENDIENTE FUERZA REGIONAL","Piura","19.64","15.17","165,116",0,2,2,1,0,"Alto","1,496,252",9.5
"PODEMOS POR EL PROGRESO DEL PERU","Piura","0.71","0.55","5,994",1,1,1,0,1,"Alto","1,496,252",9.5
"ALIANZA PARA EL PROGRESO","Piura","6.76","5.22","56,807",1,3,1,1,1,"Alto","1,496,252",9.5
"PARTIDO POPULAR CRISTIANO - PPC","Piura","1.46","1.13","12,307",0,3,1,1,1,"Alto","1,496,252",9.5
"PARTIDO DEMOCRATICO SOMOS PERU","Piura","12.23","9.44","102,793",0,3,1,1,1,"Alto","1,496,252",9.5
"PERU PATRIA SEGURA","Piura","0.25","0.2","2,143",0,2,1,1,1,"Alto","1,496,252",9.5
"FUERZA POPULAR","Piura","2.97","2.29","24,973",1,3,1,1,1,"Alto","1,496,252",9.5
"AVANZA PAIS - PARTIDO DE INTEGRACION SOCIAL","Piura","0.85","0.65","7,123",0,3,1,1,1,"Alto","1,496,252",9.5
"PARTIDO APRISTA PERUANO","Piura","45,840","45,809","17,414",1,3,1,1,1,"Alto","1,496,252",9.5
"RESTAURACION NACIONAL","Piura","2.23","1.72","18,754",1,3,1,1,1,"Alto","1,496,252",9.5
"VAMOS PERU","Piura","0.42","0.32","3,511",0,2,1,1,1,"Alto","1,496,252",9.5
"ACCION POPULAR","Piura","4.15","45,691","34,882",1,3,1,1,1,"Alto","1,496,252",9.5
"MORAL Y DESARROLLO","Puno","8.56","45,875","51,358",0,2,2,1,0,"Bajo","988,963",8.8
"MOVIMIENTO DE INTEGRACION POR EL DESARROLLO REGIONAL (MI CASITA)","Puno","43.55","34.58","261,219",0,2,2,1,0,"Bajo","988,963",8.8
"PODER DEMOCRATICO REGIONAL","Puno","4.76","3.78","28,582",0,2,2,1,0,"Bajo","988,963",8.8
"PODER ANDINO","Puno","10.62","8.43","63,696",0,2,2,1,0,"Bajo","988,963",8.8
"FRENTE AMPLIO PARA EL DESARROLLO DEL PUEBLO","Puno","16.23","12.89","97,367",0,2,2,1,0,"Bajo","988,963",8.8
"ALIANZA PARA EL PROGRESO","Puno","45,721","4.21","31,784",1,3,1,1,1,"Bajo","988,963",8.8
"PERU PATRIA SEGURA","Puno","0.86","0.68","5,152",0,2,1,1,1,"Bajo","988,963",8.8
"DEMOCRACIA DIRECTA","Puno","4.92","45,903","29,498",1,2,1,1,1,"Bajo","988,963",8.8
"ACCION POPULAR","Puno","5.21","4.13","31,226",1,3,1,1,1,"Bajo","988,963",8.8
"ACCION REGIONAL","San Martin","45,768","45,854","79,060",1,2,2,1,0,"Medio","722,869",8.9
"NUEVA AMAZONIA","San Martin","11.15","8.85","41,886",0,2,2,1,0,"Medio","722,869",8.9
"MAS SAN MARTIN","San Martin","3.19","2.54","12,002",0,2,2,1,0,"Medio","722,869",8.9
"EL FRENTE AMPLIO POR JUSTICIA, VIDA Y LIBERTAD","San Martin","0.66","0.52","2,467",0,3,1,1,1,"Medio","722,869",8.9
"ALIANZA PARA EL PROGRESO","San Martin","28.57","22.68","107,364",1,3,1,1,1,"Medio","722,869",8.9
"UNION POR EL PERU","San Martin","2.28","1.81","8,570",1,3,1,1,1,"Medio","722,869",8.9
"FUERZA POPULAR","San Martin","5.92","45,842","22,243",1,3,1,1,1,"Medio","722,869",8.9
"PARTIDO APRISTA PERUANO","San Martin","3.86","45,841","14,516",1,3,1,1,1,"Medio","722,869",8.9
"VAMOS PERU","San Martin","7.26","5.76","27,273",0,2,1,1,1,"Medio","722,869",8.9
"ACCION POPULAR","San Martin","45,854","12.76","60,406",1,3,1,1,1,"Medio","722,869",8.9
"BANDERAS TACNEÑISTAS","Tacna","14.78","11.39","25,733",0,2,2,1,0,"Alto","269,726",10.8
"MOVIMIENTO INDEPENDIENTE REGIONAL FUERZA TACNA","Tacna","16.42","12.65","28,576",0,2,2,1,0,"Alto","269,726",10.8
"FRENTE ESPERANZA POR TACNA","Tacna","45,727","45,785","19,198",0,2,2,1,0,"Alto","269,726",10.8
"ACCION POR LA UNIDAD TACNA","Tacna","16.91","45,729","29,438",0,2,2,1,0,"Alto","269,726",10.8
"PODEMOS POR EL PROGRESO DEL PERU","Tacna","2.49","1.92","4,332",1,1,1,0,1,"Alto","269,726",10.8
"EL FRENTE AMPLIO POR JUSTICIA, VIDA Y LIBERTAD","Tacna","6.94","5.35","12,080",0,3,1,1,1,"Alto","269,726",10.8
"TODOS POR EL PERU","Tacna","3.98","45,841","6,925",0,3,1,1,1,"Alto","269,726",10.8
"UNION POR EL PERU","Tacna","0.67","0.52","1,174",1,3,1,1,1,"Alto","269,726",10.8
"FUERZA POPULAR","Tacna","0.8","0.61","1,389",1,3,1,1,1,"Alto","269,726",10.8
"SIEMPRE UNIDOS","Tacna","7.25","5.58","12,617",0,3,1,1,1,"Alto","269,726",10.8
"PERU NACION","Tacna","45,901","0.84","1,890",0,1,1,0,1,"Alto","269,726",10.8
"AVANZA PAIS - PARTIDO DE INTEGRACION SOCIAL","Tacna","1.82","45,748","3,166",0,3,1,1,1,"Alto","269,726",10.8
"RESTAURACION NACIONAL","Tacna","45,784","5.43","12,277",0,3,1,1,1,"Alto","269,726",10.8
"DEMOCRACIA DIRECTA","Tacna","45,903","45,660","6,797",1,2,1,1,1,"Alto","269,726",10.8
"VAMOS PERU","Tacna","3.14","2.42","5,468",0,2,1,1,1,"Alto","269,726",10.8
"ACCION POPULAR","Tacna","1.73","1.34","3,017",1,3,1,1,1,"Alto","269,726",10.8
"MOVIMIENTO POLITICO REGIONAL DIGNIDAD TUMBESINA","Tumbes","8.77","6.61","8,843",0,2,2,1,0,"Medio","159,485",9.2
"MOVIMIENTO DE INCLUSION REGIONAL","Tumbes","10.55","7.95","10,643",0,2,2,1,0,"Medio","159,485",9.2
"RECONSTRUCCION CON OBRAS MAS OBRAS PARA UN TUMBES BELLO","Tumbes","45,873","45,841","4,112",0,2,2,1,0,"Medio","159,485",9.2
"MOVIMIENTO INDEPENDIENTE REGIONAL YO SI AMO A TUMBES","Tumbes","2.35","1.77","2,365",0,2,2,1,0,"Medio","159,485",9.2
"MOVIMIENTO INDEPENDIENTE REGIONAL FAENA","Tumbes","23.97","45,826","24,174",0,2,2,1,0,"Medio","159,485",9.2
"PODEMOS POR EL PROGRESO DEL PERU","Tumbes","1.21","0.92","1,225",1,1,1,0,1,"Medio","159,485",9.2
"ALIANZA PARA EL PROGRESO","Tumbes","6.28","4.73","6,336",1,3,1,1,1,"Medio","159,485",9.2
"SOLIDARIDAD NACIONAL","Tumbes","6.75","45,874","6,805",1,3,1,1,1,"Medio","159,485",9.2
"FRENTE POPULAR AGRICOLA FIA DEL PERU - FREPAP","Tumbes","1.59","45,689","1,603",0,3,1,1,1,"Medio","159,485",9.2
"PARTIDO DEMOCRATICO SOMOS PERU","Tumbes","6.94","5.23","6,998",0,3,1,1,1,"Medio","159,485",9.2
"FUERZA POPULAR","Tumbes","2.93","45,690","2,951",1,3,1,1,1,"Medio","159,485",9.2
"PERU NACION","Tumbes","45,689","0.77","1,029",0,1,1,0,1,"Medio","159,485",9.2
"JUNTOS POR EL PERU","Tumbes","45,870","1.36","1,814",0,1,1,0,1,"Medio","159,485",9.2
"AVANZA PAIS - PARTIDO DE INTEGRACION SOCIAL","Tumbes","45,840","1.56","2,091",0,3,1,1,1,"Medio","159,485",9.2
"RESTAURACION NACIONAL","Tumbes","1.92","1.44","1,934",0,3,1,1,1,"Medio","159,485",9.2
"DEMOCRACIA DIRECTA","Tumbes","16.91","12.74","17,047",1,2,1,1,1,"Medio","159,485",9.2
"VAMOS PERU","Tumbes","0.86","0.65","867",0,2,1,1,1,"Medio","159,485",9.2
"UCAYALI REGION CON FUTURO","Ucayali","22.23","18.25","49,023",0,2,2,1,0,"Bajo","370,419",8.8
"TODOS SOMOS UCAYALI","Ucayali","11.39","9.35","25,117",0,2,2,1,0,"Bajo","370,419",8.8
"CIENCIA Y ACCION MOVILIZADORA DE UCAYALI","Ucayali","0.82","0.68","1,815",0,2,2,1,0,"Bajo","370,419",8.8
"ALIANZA PARA EL PROGRESO","Ucayali","36.67","45,687","80,865",1,3,1,1,1,"Bajo","370,419",8.8
"PARTIDO POPULAR CRISTIANO - PPC","Ucayali","2.83","2.32","6,237",0,3,1,1,1,"Bajo","370,419",8.8
"TODOS POR EL PERU","Ucayali","2.84","2.33","6,263",0,3,1,1,1,"Bajo","370,419",8.8
"FUERZA POPULAR","Ucayali","4.35","3.57","9,583",1,3,1,1,1,"Bajo","370,419",8.8
"AVANZA PAIS - PARTIDO DE INTEGRACION SOCIAL","Ucayali","0.8","0.65","1,759",0,3,1,1,1,"Bajo","370,419",8.8
"PERU LIBERTARIO","Ucayali","45,809","0.87","2,331",0,1,1,0,1,"Bajo","370,419",8.8
"DEMOCRACIA DIRECTA","Ucayali","7.74","6.35","17,066",1,2,1,1,1,"Bajo","370,419",8.8
"ACCION POPULAR","Ucayali","9.27","7.61","20,443",1,3,1,1,1,"Bajo","370,419",8.8
